subgroup,estimate,se,p_value,ci_lower,ci_upper,n_observations
Full Sample,0.012024990589648205,0.013860912182624287,0.38564245807745096,-0.015142397288295396,0.039192378467591805,248469
Lone Parent,0.005077724411745275,0.023035530229224364,0.8255361993705124,-0.04007191483753448,0.05022736366102503,36505
Not Lone Parent,0.01307979005779674,0.012935060000677246,0.3119259917539843,-0.012272927543530661,0.03843250765912414,211964
High Education,0.0018447256870897358,0.020378520893209063,0.9278715848610304,-0.03809717526360003,0.0417866266377795,110311
Low Education,0.020300652080505927,0.02071236582021465,0.32702574184481736,-0.020295584927114783,0.06089688908812664,138158
Younger (25-34),0.01988737158540325,0.03323003637479987,0.5495225220491813,-0.04524349970920449,0.085018242880011,130912
Older (35-44),0.0014546939193474696,0.017290172253929485,0.932949774338407,-0.032434043698354315,0.03534343153704926,117557
